Workbook
Name 一般: dataTypeプルダウン項目!$A$3:$A$16
Name 固定フォーマット: dataTypeプルダウン項目!#REF!
Name 日時: dataTypeプルダウン項目!#REF!

Sheet dataTypeプルダウン項目
A1: dataType定義
A2: 一般 | B2: 型 | C2: FRAMEWORK_KIND
A3: 全半角（制限なし） | B3: STRING | C3: Spring Framework
A4: 全角 | B4: INTEGER
A5: 半角 | B5: SHORT
A6: 半角数字 | B6: LONG
A7: 英大文字 | B7: FLOAT
A8: 英大文字＋_ | B8: DOUBLE
A9: 英小文字 | B9: BIG_INTEGER
A10: 英小文字＋_ | B10: BIG_DECIMAL
A11: 半角数字＋英大文字 | B11: YEAR_MONTH
A12: 半角数字＋英大文字＋_ | B12: DATE
A13: 半角数字＋英小文字 | B13: TIME
A14: 半角数字＋英小文字＋_ | B14: DATE_TIME
A15: 半角英字 | B15: TIMESTAMP
A16: 半角英字＋_ | B16: ENUM
B17: BOOLEAN
B18: BINARY
C20: ※"jakarta EE" assumued but not ready

Sheet dataType・データパターン一覧
A1: データパターン | B1: enumValue
A2: 全半角（制限なし） | B2: REG_EX_ALL
A3: 半角 | B3: REG_EX_HAN
A4: 半角数字 | B4: REG_EX_HAN_NUM
A5: 英大文字 | B5: REG_EX_HAN_UC
A6: 英大文字＋_ | B6: REG_EX_HAN_UC_US
A7: 英小文字 | B7: REG_EX_HAN_LC
A8: 英小文字＋_ | B8: REG_EX_HAN_LC_US
A9: 半角数字＋英大文字 | B9: REG_EX_HAN_NUM_UC
A10: 半角数字＋英大文字＋_ | B10: REG_EX_HAN_NUM_UC_US
A11: 半角数字＋英小文字 | B11: REG_EX_HAN_NUM_LC
A12: 半角数字＋英小文字＋_ | B12: REG_EX_HAN_NUM_LC_US
... A15: 全角 | B15: REG_EX_ZEN

Sheet FK種類
A1: FK種類（日本語） | B1: FK種類 | C1: 方向
A2: 参照元1・参照先1（一方向） | B2: OneToOne | C2: unidirectional
A3: 参照元1・参照先1（双方向） | B3: OneToOne | C3: bidirectional
A4: 参照元N・参照先1（一方向） | B4: ManyToOne | C4: unidirectional
A11: ※以下は処理速度を鑑みて、FWでは対応していない
A12: 参照元1・参照先N（一方向）
A13: 参照元N・参照先1／参照元1・参照先N（双方向）
A14: 参照元M・参照先N（一方向）
A15: 参照元M・参照先N（双方向）

Sheet fmt変更履歴
A1: フォーマット変更履歴
A3: 日付 | B3: バージョン | C3: 修正事項 | D3: 修正者
A4: 41456 | B4: v1.00 | C4: 初版 | D4: 田中
A5: 41484 | B5: v1.01 | C5: カラム表示名をxmlに追加 | D5: 田中
A6: 41486 | B6: v1.02 | C6: dataTypeをソースに反映するように変更 | D6: 田中
A7: 41490 | B7: v1.03 | C7: ・DB、class項目定義に「dataType存在確認」列を追加 ・DB共通項目定義を追加 | D7: 田中
A8: 41506 | B8: v1.04 | C8: excel関数追加など利便性向上（出力結果に変更なし） | D8: 田中
A9: 41973 | B9: v2.00 | C9: ●ast-framework-common:v2.00.00に同期して対応 (Enum) ・Deprecated、javadocコメントの追加対応 ・Frameworkで保持するenumを整備 (DataType) ・Deprecated、javadocコメントの追加対応 ・DataTypeでstringの場合に「データ種類」と「文字種別」の定義があいまいだったため形式を変更 ・浮動小数点、BigDecimal、BOOL型に対応 ・Stringの場合に正規表現を使用できるよう追加 ・ロジックによるチェックも可能なように変更 (DataType参照) ・「DataType参照」シートを追加し、既にframeworkの中などに存在しているDataTypeを使用することを可能とする （Db, DbCommon, Class） 項目に変更なし。 ※「備考」列を、javadocとして使用する案もあるかと思い途中まで作ったが、使わなさそうなので現時点ではcodeGenerator側には実装していない。 XML定義側（xsd）にはあえて残しているが、このまま使用して支障なし。 | D9: 田中
A10: 41993 | B10: v2.01 | C10: ・列の幅変更 ・class項目定義のxml対応づけがおかしかったので修正 | D10: 田中
A11: 41993 | B11: v2.02 | C11: ・dataTypeInfoのxml対応付けがおかしかったので修正 | D11: 田中
A12: 42096 | B12: v2.03 | C12: ・「DBテーブル定義」シートを追加 ・「共通定義」シートを追加 ・basePackageを共通定義シートに集約したので、各シートのbasePackageを削除 | D12: 田中
A13: 42103 | B13: v2.04 | C13: ・dataTypeが、エクセルの日本語からgetEnumFromNameする仕組みだったが、これだとWindows-31jとUTF-8が共存できないため、getEnumFromNameはアルファベットの文字から行うよう仕様変更 | D13: 田中
A14: 42121 | B14: v2.05 | C14: ・複数言語対応（enum、DB項目） ・「projectType」をシステム共通定義に追加 | D14: 田中
A15: 42136 | B15: v2.06 | C15: ・「dateType参照定義」というシート名になっていたので、「dataType参照定義」に変更 ・DB項目定義シートで、dataTypeの存在確認のための関数が「○」の文字列になってしまっていたので修正 （出力xmlの変更なし） | D15: 田中
... A37: 46192 | B37: v4.11.0 | C37: ■バージョン情報 ・対応code-generator version: 15.0.0-beta.3 以降 ・前minorバージョンからのformat移行が必要な場合：必須 （各種項目の増減・並び替えがあるため） ■変更内容 ▼（全シート共通） ・対象であることを表す「○」の記号について、似ているが別コードの「◯」も対象に追加 ・表示内容、説明文言など改善 ▼「各種設定」シート ・ヘッダ名：「分類説明」→「分類名」に変更 ・A列に「#」を追加 ・「必須」列を追加 ・「分類」・「項目」列を非表示に変更 ・「SYSTEM_COMMON」・「USES_UTIL_JPA」行を削除（ecuacion-util-jpa自体がなくなったため） ・「SYSTEM_COMMON」・「USES_SPRING_NAMING_CONVENTION」行を削除（わかりにくいため常にspring方式を使用とする） ・「LOGICAL_DELETE」・「METHOD_NAME」、「ADDITIONAL_PARAMS」を削除（未使用のため） ・「GROUPING」・「NEEDS_NO_GROUPING_MODULE」行を削除（現在はこの機能でのグループ機能は使用していないため） ・「GROUPING」・「DIVIDES_DAO_MODULE」（現在はこの機能でのグループ機能は使用していないため） ▼「dataType定義」シート ・「パターン説明（...）」項目を「備考」の右に移動 ▼「enum定義」シート ・「dispName（デフォルト言語）」列を「備考」の右に移動 ・「dispName（...）」列のラベルを「表示名（...）」に変更 ・「javaのみ」列を「備考」列の左に移動 | D37: 田中
A38: （続き） | B38: （続き） | C38: ▼「DB項目定義」・「DB共通項目定義」シート ・「表示名（デフォルト言語）」列のラベルを「カラム表示名（デフォルト言語）」に変更 ・「カラム表示名（デフォルト言語）」列を「備考」列の右に移動 ・「表示名（追加言語x）」（x=1〜3）列のラベルを「カラム表示名（追加言語x）」に変更 ・「index<x>」の<x>の上限を3から10に変更。その分の列を追加 ▼「DB共通項目定義」シート ・「テーブル名」は空欄固定に変更 ▼「テーブル一覧」シート ・追加 ▼「【説明】DB項目定義」シート ・本エクセルからは削除（referenceに載せる形に変更） | D38: （続き）
A39: 46196 | B39: v5.0.0 | C39: ■バージョン情報 ・対応code-generator version: 15.0.0-beta.3 以降 ・前minorバージョンからのformat移行が必要な場合：必須 （列変更・追加があるため） ■変更内容 ・英語版のエクセルテンプレートを追加 ・ファイル名の形式変更 ▼「dataType定義」シート ・BINARY型の追加 ▼「DB項目定義」・「DB共通項目定義」シート ・「PK・UK」列を、「Surrogate key」と「natural key (unique key)」 の2つの列に分割。 また、もともと「S・U」で記載していたのを、「○」で記載するよう変更 ・「関連：参照元変数itemNameKeyClass」、「関連：参照先変数itemNameKeyClass」列の追加 | D39: 田中

Sheet 各種設定
A1: 各種設定
A3: ※「値」、「備考」列に記入。それ以外の列には触らないこと。「備考」は任意記載（システム影響なし）。
A5: # | B5: 分類 | C5: 分類名 | D5: 項目 | E5: 説明 | F5: 必須 | G5: 値 | H5: 備考
A6: =ROW()-5 -> 1 | B6: SYSTEM_COMMON | C6: システム共通 | D6: TEMPLATE_VERSION | E6: 本エクセルファイルのテンプレートのバージョン | F6: ◯ | G6: 5.0.0
A7: =ROW()-5 -> 2 | B7: SYSTEM_COMMON | C7: システム共通 | D7: SYSTEM_NAME | E7: システム名 ※自動生成されたソースの親フォルダ名として使用 | F7: ◯
A8: =ROW()-5 -> 3 | B8: SYSTEM_COMMON | C8: システム共通 | D8: BASE_PACKAGE | E8: packageの共通部分 | F8: ◯
A9: =ROW()-5 -> 4 | B9: SYSTEM_COMMON | C9: システム共通 | D9: FRAMEWORK_KIND | E9: frameworkの種類 ※指定した種類により生成されるコードが異なる | F9: ◯ | G9: Spring Framework
A10: =ROW()-5 -> 5 | B10: SYSTEM_COMMON | C10: システム共通 | D10: CHARSET | E10: ソースコードの文字コード("UTF-8"推奨） | F10: ◯ | G10: UTF-8
A11: =ROW()-5 -> 6 | B11: SYSTEM_COMMON | C11: システム共通 | D11: LANG_DEFAULT | E11: デフォルト言語 ※"en"などlocaleとして定義されている文字列を指定。en_US等も可能 | F11: ◯ | G11: ja
A12: =ROW()-5 -> 7 | B12: SYSTEM_COMMON | C12: システム共通 | D12: LANG_SUPPORT_01 | E12: サポート言語1 ※サポート言語は1, 2, 3の順序で入力。1が空欄、2が入力の状態等はエラー
A13: =ROW()-5 -> 8 | B13: SYSTEM_COMMON | C13: システム共通 | D13: LANG_SUPPORT_02 | E13: サポート言語2
A14: =ROW()-5 -> 9 | B14: SYSTEM_COMMON | C14: システム共通 | D14: LANG_SUPPORT_03 | E14: サポート言語3
A15: =ROW()-5 -> 10 | B15: SYSTEM_COMMON | C15: システム共通 | D15: PROHIBITED_CHARS | E15: 禁則文字
A16: =ROW()-5 -> 11 | B16: SYSTEM_COMMON | C16: システム共通 | D16: PROHIBITED_CHARS_DESC_LANG_DEFAULT | E16: 禁則文字パターン説明（デフォルト言語） ※「禁則文字」が空欄でない場合は必須
A17: =ROW()-5 -> 12 | B17: SYSTEM_COMMON | C17: システム共通 | D17: PROHIBITED_CHARS_DESC_LANG_SUPPORT_01 | E17: 禁則文字パターン説明（追加言語1） ※「禁則文字」が空欄でない、かつ「サポート言語1」が空欄でない場合は必須
A18: =ROW()-5 -> 13 | B18: SYSTEM_COMMON | C18: システム共通 | D18: PROHIBITED_CHARS_DESC_LANG_SUPPORT_02 | E18: 禁則文字パターン説明（追加言語2） ※「禁則文字」が空欄でない、かつ「サポート言語2」が空欄でない場合は必須
A19: =ROW()-5 -> 14 | B19: SYSTEM_COMMON | C19: システム共通 | D19: PROHIBITED_CHARS_DESC_LANG_SUPPORT_03 | E19: 禁則文字パターン説明（追加言語3） ※「禁則文字」が空欄でない、かつ「サポート言語3」が空欄でない場合は必須
A20: =ROW()-5 -> 15 | B20: LOGICAL_DELETE | C20: 論理削除 | D20: COLUMN_NAME | E20: 論理削除を表す項目名 ※論理削除項目を使用しない場合は、本項目を空欄にする。その場合、以降の分類名が「論理削除」の項目も全て空欄にする ※この名前を持つカラムは全てグループ指定項目とみなされるため、別の用途でこのカラム名を使うことがあるのであれば、名称の変更が必要 ※実際に論理削除機能を使用するには、「DB項目定義」または「DB共通項目定義」で指定の項目名の項目を定義する必要がある
A21: =ROW()-5 -> 16 | B21: LOGICAL_DELETE | C21: 論理削除 | D21: DATA_TYPE_NAME | E21: DataType名 ※本バージョンではBOOLEAN型のDataTypeのみ選択可
A22: =ROW()-5 -> 17 | B22: LOGICAL_DELETE | C22: 論理削除 | D22: DEFAULT_VALUE | E22: 初期値（論理削除前） ※DataTypeがBOOLEAN型の場合はtrue/falseを指定
A23: =ROW()-5 -> 18 | B23: LOGICAL_DELETE | C23: 論理削除 | D23: UPDATE_VALUE | E23: 更新値（論理削除後） ※記述方法は「DEFAULT_VALUE」を参照
... A26: =ROW()-5 -> 21 | B26: GROUPING | C26: 他グループを閲覧不可とする設定 | D26: TABLE_NAMES_WITHOUT_GROUPING | E26: 意図しない設定漏れを防ぐため、グループ設定なしのテーブルを明示 ※複数ある場合は"TABLE_1,TABLE_2"のようにCSVで記載。
A27: =ROW()-5 -> 22 | B27: OPTIMISTIC_LOCKING | C27: 楽観的排他制御 | D27: COLUMN_NAME | E27: カラム名 ※グループ指定を使用しない場合は、本項目を空欄にする。（その場合、以降も全て空欄にする） ※この名前を持つカラムは全て楽観的排他制御用項目とみなされるため、別の用途でこのカラム名を使うことがあるのであれば、名称の変更が必要 | F27: ◯ | G27: VERSION
A28: =ROW()-5 -> 23 | B28: OPTIMISTIC_LOCKING | C28: 楽観的排他制御 | D28: DATA_TYPE_NAME | E28: DataType名 | F28: ◯

Sheet dataType定義
A1: dataType定義
Q2: デフォルト言語 | R2: 追加言語1 | S2: 追加言語2 | T2: 追加言語3
A3: ※DataType名のプレフィックスは「DT_」固定 | Q3: =IF(各種設定!$G$11=0,"",各種設定!$G$11) -> ja | R3: =IF(各種設定!$G$12=0,"",各種設定!$G$12) | S3: =IF(各種設定!$G$13=0,"",各種設定!$G$13) | T3: =IF(各種設定!$G$14=0,"",各種設定!$G$14)
B5: 共通 | C5: STRINGの場合の入力項目 | I5: 数値系の場合の入力項目 | M5: Enumの 場合 | N5: 日時の 場合 | O5: BINARYの 場合 | P5: 備考 | Q5: STRINGの場合の入力項目
B6: 必須 | C6: 任意 | D6: 必須 | E6: 必須 | F6: 必須 | G6: 任意 | H6: 任意 | I6: 任意 | J6: 任意 | K6: 任意 | L6: 任意 | M6: 必須 | N6: 任意 | O6: 必須 | P6: 任意 | Q6: 任意 | R6: 任意 | S6: 任意 | T6: 任意
A7: DataType名 | B7: 型 | C7: 長さ最小 | D7: 長さ最大 | E7: データパターン（日本語） | F7: データパターン | G7: 禁則文字チェック除外 | H7: 正規表現 | I7: 最小値 | J7: 最大値 | K7: 整数部桁数 | L7: 小数部桁数 | M7: コードの長さ | N7: timezoneなし | O7: 最大バイト数[MB] | P7: 備考 | Q7: パターン説明（デフォルト言語） | R7: パターン説明（追加言語1） | S7: パターン説明（追加言語2） | T7: パターン説明（追加言語）
F8: =IF(テーブル2[[#This Row],[データパターン（日本語）]]="", "", VLOOKUP(テーブル2[[#This Row],[データパターン（日本語）]],dataType・データパターン一覧!A:B,2,FALSE))
F9: =IF(テーブル2[[#This Row],[データパターン（日本語）]]="", "", VLOOKUP(テーブル2[[#This Row],[データパターン（日本語）]],dataType・データパターン一覧!A:B,2,FALSE))
F10: =IF(テーブル2[[#This Row],[データパターン（日本語）]]="", "", VLOOKUP(テーブル2[[#This Row],[データパターン（日本語）]],dataType・データパターン一覧!A:B,2,FALSE))

Sheet enum定義
A1: enum定義
A3: ※Enumクラス名は、DataType名を元に自動生成される。 | F3: デフォルト言語 | G3: 追加言語1 | H3: 追加言語2 | I3: 追加言語3
A4: 例）DT_TRANSACTION_STATUS → Enumクラス名：TransactionStatusEnum | F4: =IF(各種設定!$G$11=0,"",各種設定!$G$11) -> ja | G4: =IF(各種設定!$G$12=0,"",各種設定!$G$12) | H4: =IF(各種設定!$G$13=0,"",各種設定!$G$13) | I4: =IF(各種設定!$G$14=0,"",各種設定!$G$14)
A6: DataType名 | B6: code | C6: varName | D6: javaのみ | E6: 備考 | F6: 表示名（デフォルト言語） | G6: 表示名（追加言語1） | H6: 表示名（追加言語2） | I6: 表示名（追加言語3）

Sheet DB項目定義
A1: DB項目定義
AI2: デフォルト言語 | AJ2: 追加言語1 | AK2: 追加言語2 | AL2: 追加言語3
AI3: =IF(各種設定!$G$11=0,"",各種設定!$G$11) -> ja | AJ3: =IF(各種設定!$G$12=0,"",各種設定!$G$12) | AK3: =IF(各種設定!$G$13=0,"",各種設定!$G$13) | AL3: =IF(各種設定!$G$14=0,"",各種設定!$G$14)
A5: テーブル名 | B5: カラム名 | C5: dataType | D5: dataType存在確認 | E5: javaのみ | F5: Surrogate key | G5: natural key (unique key) | H5: nullable | I5: 自動採番 | J5: 強制採番 | K5: 自動更新 | L5: 強制更新 | M5: グループ識別項目 | N5: SPRING監査 | O5: 関連：種類 | P5: 関連：direction | Q5: 関連：参照元変数名 | R5: 関連：参照元変数itemNameKeyClass | S5: 関連：参照先テーブル | T5: 関連：参照先カラム | U5: 関連：参照先変数名 | V5: 関連：参照先変数itemNameKeyClass | W5: 関連：eager | X5: index1 | Y5: index2 | Z5: index3 | AA5: index4 | AB5: index5 | AC5: index6 | AD5: index7 | AE5: index8 | AF5: index9 | AG5: index10 | AH5: 備考 | AI5: カラム表示名（デフォルト言語） | AJ5: カラム表示名（追加言語1） | AK5: カラム表示名（追加言語2） | AL5: カラム表示名（追加言語3）
D6: =IF(テーブル7[[#This Row],[dataType]]="","",IF(NOT(ISNA(VLOOKUP(テーブル7[[#This Row],[dataType]], dataType定義!A:A, 1,FALSE))), "○", "×"))
D7: =IF(テーブル7[[#This Row],[dataType]]="","",IF(NOT(ISNA(VLOOKUP(テーブル7[[#This Row],[dataType]], dataType定義!A:A, 1,FALSE))), "○", "×"))
D8: =IF(テーブル7[[#This Row],[dataType]]="","",IF(NOT(ISNA(VLOOKUP(テーブル7[[#This Row],[dataType]], dataType定義!A:A, 1,FALSE))), "○", "×"))
D9: =IF(テーブル7[[#This Row],[dataType]]="","",IF(NOT(ISNA(VLOOKUP(テーブル7[[#This Row],[dataType]], dataType定義!A:A, 1,FALSE))), "○", "×"))

Sheet DB共通項目定義
A1: DB共通項目定義
AI2: デフォルト言語 | AJ2: 追加言語1 | AK2: 追加言語2 | AL2: 追加言語3
AI3: =IF(各種設定!$G$11=0,"",各種設定!$G$11) -> ja | AJ3: =IF(各種設定!$G$12=0,"",各種設定!$G$12) | AK3: =IF(各種設定!$G$13=0,"",各種設定!$G$13) | AL3: =IF(各種設定!$G$14=0,"",各種設定!$G$14)
A5: テーブル名 | B5: カラム名 | C5: dataType | D5: dataType存在確認 | E5: javaのみ | F5: Surrogate key | G5: natural key (unique key) | H5: nullable | I5: 自動採番 | J5: 強制採番 | K5: 自動更新 | L5: 強制更新 | M5: グループ識別項目 | N5: SPRING監査 | O5: 関連：種類 | P5: 関連：direction | Q5: 関連：参照元変数名 | R5: 関連：参照元変数itemNameKeyClass | S5: 関連：参照先テーブル | T5: 関連：参照先カラム | U5: 関連：参照先変数名 | V5: 関連：参照先変数itemNameKeyClass | W5: 関連：eager | X5: index1 | Y5: index2 | Z5: index3 | AA5: index4 | AB5: index5 | AC5: index6 | AD5: index7 | AE5: index8 | AF5: index9 | AG5: index10 | AH5: 備考 | AI5: カラム表示名（デフォルト言語） | AJ5: カラム表示名（追加言語1） | AK5: カラム表示名（追加言語2） | AL5: カラム表示名（追加言語3）
D6: =IF(C6="","",IF(テーブル74[[#This Row],[dataType]]="","",IF(NOT(ISNA(VLOOKUP(テーブル74[[#This Row],[dataType]], dataType定義!A:A, 1,FALSE))), "○", "×")))
D7: =IF(C7="","",IF(テーブル74[[#This Row],[dataType]]="","",IF(NOT(ISNA(VLOOKUP(テーブル74[[#This Row],[dataType]], dataType定義!A:A, 1,FALSE))), "○", "×")))
D8: =IF(C8="","",IF(テーブル74[[#This Row],[dataType]]="","",IF(NOT(ISNA(VLOOKUP(テーブル74[[#This Row],[dataType]], dataType定義!A:A, 1,FALSE))), "○", "×")))

Sheet テーブル一覧
A1: テーブル一覧
B2: デフォルト言語 | C2: 追加言語1 | D2: 追加言語2 | E2: 追加言語3
B3: =IF(各種設定!$G$11=0,"",各種設定!$G$11) -> ja | C3: =IF(各種設定!$G$12=0,"",各種設定!$G$12) | D3: =IF(各種設定!$G$13=0,"",各種設定!$G$13) | E3: =IF(各種設定!$G$14=0,"",各種設定!$G$14)
A5: テーブル名 | B5: テーブル表示名（デフォルト言語） | C5: テーブル表示名（追加言語1） | D5: テーブル表示名（追加言語2） | E5: テーブル表示名（追加言語3）
A6: {=_xlfn.UNIQUE(_xlfn._xlws.FILTER(テーブル7[テーブル名], テーブル7[テーブル名]<>""))} -> #VALUE!
